"filename", "language", "CMake", "Shell Script", "C++", "Markdown", "Properties", "Makefile", "CMake Cache", "C", "Log", "comment", "blank", "total"
"/mnt/f/项目/施磊合集/cpp-study-main/【高级】C++项目-实现分布式网络通信框架-rpc通信原理/C  实现分布式网络通信框架项目资料/C++实现分布式网络通信框架项目资料/mprpc项目代码/mprpc/CMakeLists.txt", "CMake", 18, 0, 0, 0, 0, 0, 0, 0, 0, 0, 4, 22
"/mnt/f/项目/施磊合集/cpp-study-main/【高级】C++项目-实现分布式网络通信框架-rpc通信原理/C  实现分布式网络通信框架项目资料/C++实现分布式网络通信框架项目资料/mprpc项目代码/mprpc/README.md", "Markdown", 0, 0, 0, 0, 0, 0, 0, 0, 0, 0, 1, 1
"/mnt/f/项目/施磊合集/cpp-study-main/【高级】C++项目-实现分布式网络通信框架-rpc通信原理/C  实现分布式网络通信框架项目资料/C++实现分布式网络通信框架项目资料/mprpc项目代码/mprpc/autobuild.sh", "Shell Script", 0, 7, 0, 0, 0, 0, 0, 0, 0, 1, 2, 10
"/mnt/f/项目/施磊合集/cpp-study-main/【高级】C++项目-实现分布式网络通信框架-rpc通信原理/C  实现分布式网络通信框架项目资料/C++实现分布式网络通信框架项目资料/mprpc项目代码/mprpc/bin/test.conf", "Properties", 0, 0, 0, 0, 4, 0, 0, 0, 0, 4, 1, 9
"/mnt/f/项目/施磊合集/cpp-study-main/【高级】C++项目-实现分布式网络通信框架-rpc通信原理/C  实现分布式网络通信框架项目资料/C++实现分布式网络通信框架项目资料/mprpc项目代码/mprpc/build/CMakeCache.txt", "CMake Cache", 0, 0, 0, 0, 0, 0, 273, 0, 0, 0, 61, 334
"/mnt/f/项目/施磊合集/cpp-study-main/【高级】C++项目-实现分布式网络通信框架-rpc通信原理/C  实现分布式网络通信框架项目资料/C++实现分布式网络通信框架项目资料/mprpc项目代码/mprpc/build/CMakeFiles/3.10.2/CMakeCCompiler.cmake", "CMake", 57, 0, 0, 0, 0, 0, 0, 0, 0, 0, 17, 74
"/mnt/f/项目/施磊合集/cpp-study-main/【高级】C++项目-实现分布式网络通信框架-rpc通信原理/C  实现分布式网络通信框架项目资料/C++实现分布式网络通信框架项目资料/mprpc项目代码/mprpc/build/CMakeFiles/3.10.2/CMakeCXXCompiler.cmake", "CMake", 59, 0, 0, 0, 0, 0, 0, 0, 0, 0, 17, 76
"/mnt/f/项目/施磊合集/cpp-study-main/【高级】C++项目-实现分布式网络通信框架-rpc通信原理/C  实现分布式网络通信框架项目资料/C++实现分布式网络通信框架项目资料/mprpc项目代码/mprpc/build/CMakeFiles/3.10.2/CMakeSystem.cmake", "CMake", 10, 0, 0, 0, 0, 0, 0, 0, 0, 0, 6, 16
"/mnt/f/项目/施磊合集/cpp-study-main/【高级】C++项目-实现分布式网络通信框架-rpc通信原理/C  实现分布式网络通信框架项目资料/C++实现分布式网络通信框架项目资料/mprpc项目代码/mprpc/build/CMakeFiles/3.10.2/CompilerIdC/CMakeCCompilerId.c", "C", 0, 0, 0, 0, 0, 0, 0, 449, 0, 51, 99, 599
"/mnt/f/项目/施磊合集/cpp-study-main/【高级】C++项目-实现分布式网络通信框架-rpc通信原理/C  实现分布式网络通信框架项目资料/C++实现分布式网络通信框架项目资料/mprpc项目代码/mprpc/build/CMakeFiles/3.10.2/CompilerIdCXX/CMakeCXXCompilerId.cpp", "C++", 0, 0, 427, 0, 0, 0, 0, 0, 0, 53, 97, 577
"/mnt/f/项目/施磊合集/cpp-study-main/【高级】C++项目-实现分布式网络通信框架-rpc通信原理/C  实现分布式网络通信框架项目资料/C++实现分布式网络通信框架项目资料/mprpc项目代码/mprpc/build/CMakeFiles/CMakeDirectoryInformation.cmake", "CMake", 12, 0, 0, 0, 0, 0, 0, 0, 0, 0, 5, 17
"/mnt/f/项目/施磊合集/cpp-study-main/【高级】C++项目-实现分布式网络通信框架-rpc通信原理/C  实现分布式网络通信框架项目资料/C++实现分布式网络通信框架项目资料/mprpc项目代码/mprpc/build/CMakeFiles/CMakeOutput.log", "Log", 0, 0, 0, 0, 0, 0, 0, 0, 572, 0, 62, 634
"/mnt/f/项目/施磊合集/cpp-study-main/【高级】C++项目-实现分布式网络通信框架-rpc通信原理/C  实现分布式网络通信框架项目资料/C++实现分布式网络通信框架项目资料/mprpc项目代码/mprpc/build/CMakeFiles/Makefile.cmake", "CMake", 123, 0, 0, 0, 0, 0, 0, 0, 0, 0, 6, 129
"/mnt/f/项目/施磊合集/cpp-study-main/【高级】C++项目-实现分布式网络通信框架-rpc通信原理/C  实现分布式网络通信框架项目资料/C++实现分布式网络通信框架项目资料/mprpc项目代码/mprpc/build/CMakeFiles/feature_tests.c", "C", 0, 0, 0, 0, 0, 0, 0, 31, 0, 0, 4, 35
"/mnt/f/项目/施磊合集/cpp-study-main/【高级】C++项目-实现分布式网络通信框架-rpc通信原理/C  实现分布式网络通信框架项目资料/C++实现分布式网络通信框架项目资料/mprpc项目代码/mprpc/build/CMakeFiles/feature_tests.cxx", "C++", 0, 0, 402, 0, 0, 0, 0, 0, 0, 0, 4, 406
"/mnt/f/项目/施磊合集/cpp-study-main/【高级】C++项目-实现分布式网络通信框架-rpc通信原理/C  实现分布式网络通信框架项目资料/C++实现分布式网络通信框架项目资料/mprpc项目代码/mprpc/build/Makefile", "Makefile", 0, 0, 0, 0, 0, 78, 0, 0, 0, 48, 51, 177
"/mnt/f/项目/施磊合集/cpp-study-main/【高级】C++项目-实现分布式网络通信框架-rpc通信原理/C  实现分布式网络通信框架项目资料/C++实现分布式网络通信框架项目资料/mprpc项目代码/mprpc/build/cmake_install.cmake", "CMake", 47, 0, 0, 0, 0, 0, 0, 0, 0, 0, 10, 57
"/mnt/f/项目/施磊合集/cpp-study-main/【高级】C++项目-实现分布式网络通信框架-rpc通信原理/C  实现分布式网络通信框架项目资料/C++实现分布式网络通信框架项目资料/mprpc项目代码/mprpc/build/example/CMakeFiles/CMakeDirectoryInformation.cmake", "CMake", 12, 0, 0, 0, 0, 0, 0, 0, 0, 0, 5, 17
"/mnt/f/项目/施磊合集/cpp-study-main/【高级】C++项目-实现分布式网络通信框架-rpc通信原理/C  实现分布式网络通信框架项目资料/C++实现分布式网络通信框架项目资料/mprpc项目代码/mprpc/build/example/Makefile", "Makefile", 0, 0, 0, 0, 0, 57, 0, 0, 0, 36, 42, 135
"/mnt/f/项目/施磊合集/cpp-study-main/【高级】C++项目-实现分布式网络通信框架-rpc通信原理/C  实现分布式网络通信框架项目资料/C++实现分布式网络通信框架项目资料/mprpc项目代码/mprpc/build/example/callee/CMakeFiles/CMakeDirectoryInformation.cmake", "CMake", 12, 0, 0, 0, 0, 0, 0, 0, 0, 0, 5, 17
"/mnt/f/项目/施磊合集/cpp-study-main/【高级】C++项目-实现分布式网络通信框架-rpc通信原理/C  实现分布式网络通信框架项目资料/C++实现分布式网络通信框架项目资料/mprpc项目代码/mprpc/build/example/callee/CMakeFiles/provider.dir/DependInfo.cmake", "CMake", 21, 0, 0, 0, 0, 0, 0, 0, 0, 0, 4, 25
"/mnt/f/项目/施磊合集/cpp-study-main/【高级】C++项目-实现分布式网络通信框架-rpc通信原理/C  实现分布式网络通信框架项目资料/C++实现分布式网络通信框架项目资料/mprpc项目代码/mprpc/build/example/callee/CMakeFiles/provider.dir/cmake_clean.cmake", "CMake", 10, 0, 0, 0, 0, 0, 0, 0, 0, 0, 2, 12
"/mnt/f/项目/施磊合集/cpp-study-main/【高级】C++项目-实现分布式网络通信框架-rpc通信原理/C  实现分布式网络通信框架项目资料/C++实现分布式网络通信框架项目资料/mprpc项目代码/mprpc/build/example/callee/Makefile", "Makefile", 0, 0, 0, 0, 0, 102, 0, 0, 0, 45, 64, 211
"/mnt/f/项目/施磊合集/cpp-study-main/【高级】C++项目-实现分布式网络通信框架-rpc通信原理/C  实现分布式网络通信框架项目资料/C++实现分布式网络通信框架项目资料/mprpc项目代码/mprpc/build/example/callee/cmake_install.cmake", "CMake", 33, 0, 0, 0, 0, 0, 0, 0, 0, 0, 7, 40
"/mnt/f/项目/施磊合集/cpp-study-main/【高级】C++项目-实现分布式网络通信框架-rpc通信原理/C  实现分布式网络通信框架项目资料/C++实现分布式网络通信框架项目资料/mprpc项目代码/mprpc/build/example/caller/CMakeFiles/CMakeDirectoryInformation.cmake", "CMake", 12, 0, 0, 0, 0, 0, 0, 0, 0, 0, 5, 17
"/mnt/f/项目/施磊合集/cpp-study-main/【高级】C++项目-实现分布式网络通信框架-rpc通信原理/C  实现分布式网络通信框架项目资料/C++实现分布式网络通信框架项目资料/mprpc项目代码/mprpc/build/example/caller/CMakeFiles/consumer.dir/DependInfo.cmake", "CMake", 21, 0, 0, 0, 0, 0, 0, 0, 0, 0, 4, 25
"/mnt/f/项目/施磊合集/cpp-study-main/【高级】C++项目-实现分布式网络通信框架-rpc通信原理/C  实现分布式网络通信框架项目资料/C++实现分布式网络通信框架项目资料/mprpc项目代码/mprpc/build/example/caller/CMakeFiles/consumer.dir/cmake_clean.cmake", "CMake", 10, 0, 0, 0, 0, 0, 0, 0, 0, 0, 2, 12
"/mnt/f/项目/施磊合集/cpp-study-main/【高级】C++项目-实现分布式网络通信框架-rpc通信原理/C  实现分布式网络通信框架项目资料/C++实现分布式网络通信框架项目资料/mprpc项目代码/mprpc/build/example/caller/Makefile", "Makefile", 0, 0, 0, 0, 0, 102, 0, 0, 0, 45, 64, 211
"/mnt/f/项目/施磊合集/cpp-study-main/【高级】C++项目-实现分布式网络通信框架-rpc通信原理/C  实现分布式网络通信框架项目资料/C++实现分布式网络通信框架项目资料/mprpc项目代码/mprpc/build/example/caller/cmake_install.cmake", "CMake", 33, 0, 0, 0, 0, 0, 0, 0, 0, 0, 7, 40
"/mnt/f/项目/施磊合集/cpp-study-main/【高级】C++项目-实现分布式网络通信框架-rpc通信原理/C  实现分布式网络通信框架项目资料/C++实现分布式网络通信框架项目资料/mprpc项目代码/mprpc/build/example/cmake_install.cmake", "CMake", 38, 0, 0, 0, 0, 0, 0, 0, 0, 0, 9, 47
"/mnt/f/项目/施磊合集/cpp-study-main/【高级】C++项目-实现分布式网络通信框架-rpc通信原理/C  实现分布式网络通信框架项目资料/C++实现分布式网络通信框架项目资料/mprpc项目代码/mprpc/build/src/CMakeFiles/CMakeDirectoryInformation.cmake", "CMake", 12, 0, 0, 0, 0, 0, 0, 0, 0, 0, 5, 17
"/mnt/f/项目/施磊合集/cpp-study-main/【高级】C++项目-实现分布式网络通信框架-rpc通信原理/C  实现分布式网络通信框架项目资料/C++实现分布式网络通信框架项目资料/mprpc项目代码/mprpc/build/src/CMakeFiles/mprpc.dir/DependInfo.cmake", "CMake", 26, 0, 0, 0, 0, 0, 0, 0, 0, 0, 4, 30
"/mnt/f/项目/施磊合集/cpp-study-main/【高级】C++项目-实现分布式网络通信框架-rpc通信原理/C  实现分布式网络通信框架项目资料/C++实现分布式网络通信框架项目资料/mprpc项目代码/mprpc/build/src/CMakeFiles/mprpc.dir/cmake_clean.cmake", "CMake", 16, 0, 0, 0, 0, 0, 0, 0, 0, 0, 2, 18
"/mnt/f/项目/施磊合集/cpp-study-main/【高级】C++项目-实现分布式网络通信框架-rpc通信原理/C  实现分布式网络通信框架项目资料/C++实现分布式网络通信框架项目资料/mprpc项目代码/mprpc/build/src/CMakeFiles/mprpc.dir/cmake_clean_target.cmake", "CMake", 3, 0, 0, 0, 0, 0, 0, 0, 0, 0, 1, 4
"/mnt/f/项目/施磊合集/cpp-study-main/【高级】C++项目-实现分布式网络通信框架-rpc通信原理/C  实现分布式网络通信框架项目资料/C++实现分布式网络通信框架项目资料/mprpc项目代码/mprpc/build/src/Makefile", "Makefile", 0, 0, 0, 0, 0, 210, 0, 0, 0, 63, 118, 391
"/mnt/f/项目/施磊合集/cpp-study-main/【高级】C++项目-实现分布式网络通信框架-rpc通信原理/C  实现分布式网络通信框架项目资料/C++实现分布式网络通信框架项目资料/mprpc项目代码/mprpc/build/src/cmake_install.cmake", "CMake", 33, 0, 0, 0, 0, 0, 0, 0, 0, 0, 7, 40
"/mnt/f/项目/施磊合集/cpp-study-main/【高级】C++项目-实现分布式网络通信框架-rpc通信原理/C  实现分布式网络通信框架项目资料/C++实现分布式网络通信框架项目资料/mprpc项目代码/mprpc/example/CMakeLists.txt", "CMake", 2, 0, 0, 0, 0, 0, 0, 0, 0, 0, 0, 2
"/mnt/f/项目/施磊合集/cpp-study-main/【高级】C++项目-实现分布式网络通信框架-rpc通信原理/C  实现分布式网络通信框架项目资料/C++实现分布式网络通信框架项目资料/mprpc项目代码/mprpc/example/callee/CMakeLists.txt", "CMake", 4, 0, 0, 0, 0, 0, 0, 0, 0, 0, 1, 5
"/mnt/f/项目/施磊合集/cpp-study-main/【高级】C++项目-实现分布式网络通信框架-rpc通信原理/C  实现分布式网络通信框架项目资料/C++实现分布式网络通信框架项目资料/mprpc项目代码/mprpc/example/callee/friendservice.cc", "C++", 0, 0, 46, 0, 0, 0, 0, 0, 0, 4, 7, 57
"/mnt/f/项目/施磊合集/cpp-study-main/【高级】C++项目-实现分布式网络通信框架-rpc通信原理/C  实现分布式网络通信框架项目资料/C++实现分布式网络通信框架项目资料/mprpc项目代码/mprpc/example/callee/userservice.cc", "C++", 0, 0, 57, 0, 0, 0, 0, 0, 0, 15, 14, 86
"/mnt/f/项目/施磊合集/cpp-study-main/【高级】C++项目-实现分布式网络通信框架-rpc通信原理/C  实现分布式网络通信框架项目资料/C++实现分布式网络通信框架项目资料/mprpc项目代码/mprpc/example/caller/CMakeLists.txt", "CMake", 4, 0, 0, 0, 0, 0, 0, 0, 0, 0, 0, 4
"/mnt/f/项目/施磊合集/cpp-study-main/【高级】C++项目-实现分布式网络通信框架-rpc通信原理/C  实现分布式网络通信框架项目资料/C++实现分布式网络通信框架项目资料/mprpc项目代码/mprpc/example/caller/callfriendservice.cc", "C++", 0, 0, 34, 0, 0, 0, 0, 0, 0, 6, 4, 44
"/mnt/f/项目/施磊合集/cpp-study-main/【高级】C++项目-实现分布式网络通信框架-rpc通信原理/C  实现分布式网络通信框架项目资料/C++实现分布式网络通信框架项目资料/mprpc项目代码/mprpc/example/caller/calluserservice.cc", "C++", 0, 0, 37, 0, 0, 0, 0, 0, 0, 9, 7, 53
"/mnt/f/项目/施磊合集/cpp-study-main/【高级】C++项目-实现分布式网络通信框架-rpc通信原理/C  实现分布式网络通信框架项目资料/C++实现分布式网络通信框架项目资料/mprpc项目代码/mprpc/example/friend.pb.cc", "C++", 0, 0, 703, 0, 0, 0, 0, 0, 0, 70, 115, 888
"/mnt/f/项目/施磊合集/cpp-study-main/【高级】C++项目-实现分布式网络通信框架-rpc通信原理/C  实现分布式网络通信框架项目资料/C++实现分布式网络通信框架项目资料/mprpc项目代码/mprpc/example/friend.pb.h", "C++", 0, 0, 655, 0, 0, 0, 0, 0, 0, 73, 110, 838
"/mnt/f/项目/施磊合集/cpp-study-main/【高级】C++项目-实现分布式网络通信框架-rpc通信原理/C  实现分布式网络通信框架项目资料/C++实现分布式网络通信框架项目资料/mprpc项目代码/mprpc/example/user.pb.cc", "C++", 0, 0, 1198, 0, 0, 0, 0, 0, 0, 120, 188, 1506
"/mnt/f/项目/施磊合集/cpp-study-main/【高级】C++项目-实现分布式网络通信框架-rpc通信原理/C  实现分布式网络通信框架项目资料/C++实现分布式网络通信框架项目资料/mprpc项目代码/mprpc/example/user.pb.h", "C++", 0, 0, 1123, 0, 0, 0, 0, 0, 0, 128, 200, 1451
"/mnt/f/项目/施磊合集/cpp-study-main/【高级】C++项目-实现分布式网络通信框架-rpc通信原理/C  实现分布式网络通信框架项目资料/C++实现分布式网络通信框架项目资料/mprpc项目代码/mprpc/lib/include/lockqueue.h", "C++", 0, 0, 31, 0, 0, 0, 0, 0, 0, 4, 3, 38
"/mnt/f/项目/施磊合集/cpp-study-main/【高级】C++项目-实现分布式网络通信框架-rpc通信原理/C  实现分布式网络通信框架项目资料/C++实现分布式网络通信框架项目资料/mprpc项目代码/mprpc/lib/include/logger.h", "C++", 0, 0, 39, 0, 0, 0, 0, 0, 0, 6, 5, 50
"/mnt/f/项目/施磊合集/cpp-study-main/【高级】C++项目-实现分布式网络通信框架-rpc通信原理/C  实现分布式网络通信框架项目资料/C++实现分布式网络通信框架项目资料/mprpc项目代码/mprpc/lib/include/mprpcapplication.h", "C++", 0, 0, 16, 0, 0, 0, 0, 0, 0, 1, 3, 20
"/mnt/f/项目/施磊合集/cpp-study-main/【高级】C++项目-实现分布式网络通信框架-rpc通信原理/C  实现分布式网络通信框架项目资料/C++实现分布式网络通信框架项目资料/mprpc项目代码/mprpc/lib/include/mprpcchannel.h", "C++", 0, 0, 13, 0, 0, 0, 0, 0, 0, 1, 2, 16
"/mnt/f/项目/施磊合集/cpp-study-main/【高级】C++项目-实现分布式网络通信框架-rpc通信原理/C  实现分布式网络通信框架项目资料/C++实现分布式网络通信框架项目资料/mprpc项目代码/mprpc/lib/include/mprpcconfig.h", "C++", 0, 0, 12, 0, 0, 0, 0, 0, 0, 5, 2, 19
"/mnt/f/项目/施磊合集/cpp-study-main/【高级】C++项目-实现分布式网络通信框架-rpc通信原理/C  实现分布式网络通信框架项目资料/C++实现分布式网络通信框架项目资料/mprpc项目代码/mprpc/lib/include/mprpccontroller.h", "C++", 0, 0, 18, 0, 0, 0, 0, 0, 0, 1, 2, 21
"/mnt/f/项目/施磊合集/cpp-study-main/【高级】C++项目-实现分布式网络通信框架-rpc通信原理/C  实现分布式网络通信框架项目资料/C++实现分布式网络通信框架项目资料/mprpc项目代码/mprpc/lib/include/rpcheader.pb.h", "C++", 0, 0, 301, 0, 0, 0, 0, 0, 0, 38, 55, 394
"/mnt/f/项目/施磊合集/cpp-study-main/【高级】C++项目-实现分布式网络通信框架-rpc通信原理/C  实现分布式网络通信框架项目资料/C++实现分布式网络通信框架项目资料/mprpc项目代码/mprpc/lib/include/rpcprovider.h", "C++", 0, 0, 27, 0, 0, 0, 0, 0, 0, 9, 5, 41
"/mnt/f/项目/施磊合集/cpp-study-main/【高级】C++项目-实现分布式网络通信框架-rpc通信原理/C  实现分布式网络通信框架项目资料/C++实现分布式网络通信框架项目资料/mprpc项目代码/mprpc/lib/include/zookeeperutil.h", "C++", 0, 0, 15, 0, 0, 0, 0, 0, 0, 5, 2, 22
"/mnt/f/项目/施磊合集/cpp-study-main/【高级】C++项目-实现分布式网络通信框架-rpc通信原理/C  实现分布式网络通信框架项目资料/C++实现分布式网络通信框架项目资料/mprpc项目代码/mprpc/src/CMakeLists.txt", "CMake", 12, 0, 0, 0, 0, 0, 0, 0, 0, 0, 0, 12
"/mnt/f/项目/施磊合集/cpp-study-main/【高级】C++项目-实现分布式网络通信框架-rpc通信原理/C  实现分布式网络通信框架项目资料/C++实现分布式网络通信框架项目资料/mprpc项目代码/mprpc/src/include/lockqueue.h", "C++", 0, 0, 31, 0, 0, 0, 0, 0, 0, 4, 3, 38
"/mnt/f/项目/施磊合集/cpp-study-main/【高级】C++项目-实现分布式网络通信框架-rpc通信原理/C  实现分布式网络通信框架项目资料/C++实现分布式网络通信框架项目资料/mprpc项目代码/mprpc/src/include/logger.h", "C++", 0, 0, 39, 0, 0, 0, 0, 0, 0, 6, 5, 50
"/mnt/f/项目/施磊合集/cpp-study-main/【高级】C++项目-实现分布式网络通信框架-rpc通信原理/C  实现分布式网络通信框架项目资料/C++实现分布式网络通信框架项目资料/mprpc项目代码/mprpc/src/include/mprpcapplication.h", "C++", 0, 0, 16, 0, 0, 0, 0, 0, 0, 1, 3, 20
"/mnt/f/项目/施磊合集/cpp-study-main/【高级】C++项目-实现分布式网络通信框架-rpc通信原理/C  实现分布式网络通信框架项目资料/C++实现分布式网络通信框架项目资料/mprpc项目代码/mprpc/src/include/mprpcchannel.h", "C++", 0, 0, 13, 0, 0, 0, 0, 0, 0, 1, 2, 16
"/mnt/f/项目/施磊合集/cpp-study-main/【高级】C++项目-实现分布式网络通信框架-rpc通信原理/C  实现分布式网络通信框架项目资料/C++实现分布式网络通信框架项目资料/mprpc项目代码/mprpc/src/include/mprpcconfig.h", "C++", 0, 0, 12, 0, 0, 0, 0, 0, 0, 5, 2, 19
"/mnt/f/项目/施磊合集/cpp-study-main/【高级】C++项目-实现分布式网络通信框架-rpc通信原理/C  实现分布式网络通信框架项目资料/C++实现分布式网络通信框架项目资料/mprpc项目代码/mprpc/src/include/mprpccontroller.h", "C++", 0, 0, 18, 0, 0, 0, 0, 0, 0, 1, 2, 21
"/mnt/f/项目/施磊合集/cpp-study-main/【高级】C++项目-实现分布式网络通信框架-rpc通信原理/C  实现分布式网络通信框架项目资料/C++实现分布式网络通信框架项目资料/mprpc项目代码/mprpc/src/include/rpcheader.pb.h", "C++", 0, 0, 301, 0, 0, 0, 0, 0, 0, 38, 55, 394
"/mnt/f/项目/施磊合集/cpp-study-main/【高级】C++项目-实现分布式网络通信框架-rpc通信原理/C  实现分布式网络通信框架项目资料/C++实现分布式网络通信框架项目资料/mprpc项目代码/mprpc/src/include/rpcprovider.h", "C++", 0, 0, 27, 0, 0, 0, 0, 0, 0, 9, 5, 41
"/mnt/f/项目/施磊合集/cpp-study-main/【高级】C++项目-实现分布式网络通信框架-rpc通信原理/C  实现分布式网络通信框架项目资料/C++实现分布式网络通信框架项目资料/mprpc项目代码/mprpc/src/include/zookeeperutil.h", "C++", 0, 0, 15, 0, 0, 0, 0, 0, 0, 5, 2, 22
"/mnt/f/项目/施磊合集/cpp-study-main/【高级】C++项目-实现分布式网络通信框架-rpc通信原理/C  实现分布式网络通信框架项目资料/C++实现分布式网络通信框架项目资料/mprpc项目代码/mprpc/src/logger.cc", "C++", 0, 0, 46, 0, 0, 0, 0, 0, 0, 6, 9, 61
"/mnt/f/项目/施磊合集/cpp-study-main/【高级】C++项目-实现分布式网络通信框架-rpc通信原理/C  实现分布式网络通信框架项目资料/C++实现分布式网络通信框架项目资料/mprpc项目代码/mprpc/src/mprpcapplication.cc", "C++", 0, 0, 46, 0, 0, 0, 0, 0, 0, 5, 8, 59
"/mnt/f/项目/施磊合集/cpp-study-main/【高级】C++项目-实现分布式网络通信框架-rpc通信原理/C  实现分布式网络通信框架项目资料/C++实现分布式网络通信框架项目资料/mprpc项目代码/mprpc/src/mprpcchannel.cc", "C++", 0, 0, 123, 0, 0, 0, 0, 0, 0, 21, 14, 158
"/mnt/f/项目/施磊合集/cpp-study-main/【高级】C++项目-实现分布式网络通信框架-rpc通信原理/C  实现分布式网络通信框架项目资料/C++实现分布式网络通信框架项目资料/mprpc项目代码/mprpc/src/mprpcconfig.cc", "C++", 0, 0, 59, 0, 0, 0, 0, 0, 0, 12, 10, 81
"/mnt/f/项目/施磊合集/cpp-study-main/【高级】C++项目-实现分布式网络通信框架-rpc通信原理/C  实现分布式网络通信框架项目资料/C++实现分布式网络通信框架项目资料/mprpc项目代码/mprpc/src/mprpccontroller.cc", "C++", 0, 0, 27, 0, 0, 0, 0, 0, 0, 1, 6, 34
"/mnt/f/项目/施磊合集/cpp-study-main/【高级】C++项目-实现分布式网络通信框架-rpc通信原理/C  实现分布式网络通信框架项目资料/C++实现分布式网络通信框架项目资料/mprpc项目代码/mprpc/src/rpcheader.pb.cc", "C++", 0, 0, 270, 0, 0, 0, 0, 0, 0, 31, 46, 347
"/mnt/f/项目/施磊合集/cpp-study-main/【高级】C++项目-实现分布式网络通信框架-rpc通信原理/C  实现分布式网络通信框架项目资料/C++实现分布式网络通信框架项目资料/mprpc项目代码/mprpc/src/rpcprovider.cc", "C++", 0, 0, 130, 0, 0, 0, 0, 0, 0, 53, 25, 208
"/mnt/f/项目/施磊合集/cpp-study-main/【高级】C++项目-实现分布式网络通信框架-rpc通信原理/C  实现分布式网络通信框架项目资料/C++实现分布式网络通信框架项目资料/mprpc项目代码/mprpc/src/zookeeperutil.cc", "C++", 0, 0, 80, 0, 0, 0, 0, 0, 0, 12, 9, 101
"/mnt/f/项目/施磊合集/cpp-study-main/【高级】C++项目-实现分布式网络通信框架-rpc通信原理/C  实现分布式网络通信框架项目资料/C++实现分布式网络通信框架项目资料/mprpc项目代码/mprpc/test/protobuf/main.cc", "C++", 0, 0, 38, 0, 0, 0, 0, 0, 0, 7, 10, 55
"/mnt/f/项目/施磊合集/cpp-study-main/【高级】C++项目-实现分布式网络通信框架-rpc通信原理/C  实现分布式网络通信框架项目资料/C++实现分布式网络通信框架项目资料/mprpc项目代码/mprpc/test/protobuf/test.pb.cc", "C++", 0, 0, 1393, 0, 0, 0, 0, 0, 0, 139, 218, 1750
"/mnt/f/项目/施磊合集/cpp-study-main/【高级】C++项目-实现分布式网络通信框架-rpc通信原理/C  实现分布式网络通信框架项目资料/C++实现分布式网络通信框架项目资料/mprpc项目代码/mprpc/test/protobuf/test.pb.h", "C++", 0, 0, 1299, 0, 0, 0, 0, 0, 0, 137, 220, 1656
"Total", "-", 640, 7, 9137, 0, 4, 549, 273, 480, 572, 1335, 2183, 15180